{"baseType":64,"connection":[[2,1],[2,0],[0,1]],"node":[{"baseType":33,"effect":"resource/effect/field_node.fx","position":[-4.815105438232422,0.0,85.32989501953125],"radius":136.44601440429688,"rotate":[[1.0,0.0,0.0],[0.0,1.0,0.0],[0.0,0.0,1.0]],"scale":[0.05000000074505806,0.05000000074505806,0.05000000074505806],"source":"resource/mesh/sphere.x"},{"baseType":33,"effect":"resource/effect/field_node.fx","position":[-61.68574905395508,0.0,278.1622009277344],"radius":149.9476776123047,"rotate":[[1.0,0.0,0.0],[0.0,1.0,0.0],[0.0,0.0,1.0]],"scale":[0.05000000074505806,0.05000000074505806,0.05000000074505806],"source":"resource/mesh/sphere.x"},{"baseType":33,"effect":"resource/effect/field_node.fx","position":[166.90737915039063,0.0,230.4424591064453],"radius":106.72710418701172,"rotate":[[1.0,0.0,0.0],[0.0,1.0,0.0],[0.0,0.0,1.0]],"scale":[0.05000000074505806,0.05000000074505806,0.05000000074505806],"source":"resource/mesh/sphere.x"}],"position":[0.0,0.0,0.0]}