{"baseType":64,"connection":[[1,3,2],[0,3,2],[3,0,1],[0,1,2]],"node":[{"baseType":33,"effect":"resource/effect/field_node.fx","position":[-2.6293160915374756,0.3316569924354553,-1.112970232963562],"radius":14119.4033203125,"rotate":[[1.0,0.0,0.0],[0.0,1.0,0.0],[0.0,0.0,1.0]],"scale":[0.05000000074505806,0.05000000074505806,0.05000000074505806],"source":"resource/mesh/sphere.x"},{"baseType":33,"effect":"resource/effect/field_node.fx","position":[-22.282413482666016,9.5367431640625e-07,-12.776994705200195],"radius":1.0,"rotate":[[1.0,0.0,0.0],[0.0,1.0,0.0],[0.0,0.0,1.0]],"scale":[0.05000000074505806,0.05000000074505806,0.05000000074505806],"source":"resource/mesh/sphere.x"},{"baseType":33,"effect":"resource/effect/field_node.fx","position":[-23.314563751220703,0.0,6.466978073120117],"radius":1.0,"rotate":[[1.0,0.0,0.0],[0.0,1.0,0.0],[0.0,0.0,1.0]],"scale":[0.05000000074505806,0.05000000074505806,0.05000000074505806],"source":"resource/mesh/sphere.x"},{"baseType":33,"effect":"resource/effect/field_node.fx","position":[3.658662796020508,0.0,13.656561851501465],"radius":1.0,"rotate":[[1.0,0.0,0.0],[0.0,1.0,0.0],[0.0,0.0,1.0]],"scale":[0.05000000074505806,0.05000000074505806,0.05000000074505806],"source":"resource/mesh/sphere.x"}],"position":[0.0,0.0,0.0]}