{"baseType":64,"connection":[[1,3,2],[0,3,2],[0,1,3],[0,1,2]],"node":[{"baseType":33,"effect":"resource/effect/field_node.fx","position":[1.6358213424682617,0.0,-0.9281997680664063],"radius":30.91269874572754,"rotate":[[1.0,0.0,0.0],[0.0,1.0,0.0],[0.0,0.0,1.0]],"scale":[0.05000000074505806,0.05000000074505806,0.05000000074505806],"source":"resource/mesh/sphere.x"},{"baseType":33,"effect":"resource/effect/field_node.fx","position":[-42.884727478027344,0.0,11.171024322509766],"radius":24.541004180908203,"rotate":[[1.0,0.0,0.0],[0.0,1.0,0.0],[0.0,0.0,1.0]],"scale":[0.05000000074505806,0.05000000074505806,0.05000000074505806],"source":"resource/mesh/sphere.x"},{"baseType":33,"effect":"resource/effect/field_node.fx","position":[48.83097457885742,0.0,42.78913497924805],"radius":41.34513854980469,"rotate":[[1.0,0.0,0.0],[0.0,1.0,0.0],[0.0,0.0,1.0]],"scale":[0.05000000074505806,0.05000000074505806,0.05000000074505806],"source":"resource/mesh/sphere.x"},{"baseType":33,"effect":"resource/effect/field_node.fx","position":[-15.226083755493164,0.0,53.025108337402344],"radius":37.40437316894531,"rotate":[[1.0,0.0,0.0],[0.0,1.0,0.0],[0.0,0.0,1.0]],"scale":[0.05000000074505806,0.05000000074505806,0.05000000074505806],"source":"resource/mesh/sphere.x"}],"position":[0.0,0.0,0.0]}