{"baseType":64,"connection":[[2],null,[0]],"node":[{"baseType":33,"effect":"resource/effect/field_node.fx","position":[-7.811919212341309,0.0,-6.028987407684326],"radius":1.0,"rotate":[[1.0,0.0,0.0],[0.0,1.0,0.0],[0.0,0.0,1.0]],"scale":[0.05000000074505806,0.05000000074505806,0.05000000074505806],"source":"resource/mesh/sphere.x"},{"baseType":33,"effect":"resource/effect/field_node.fx","position":[-3.672632932662964,0.0,-9.015861511230469],"radius":1.0,"rotate":[[1.0,0.0,0.0],[0.0,1.0,0.0],[0.0,0.0,1.0]],"scale":[0.05000000074505806,0.05000000074505806,0.05000000074505806],"source":"resource/mesh/sphere.x"},{"baseType":33,"effect":"resource/effect/field_node.fx","position":[-7.692383766174316,0.0,-3.2933149337768555],"radius":1.0,"rotate":[[1.0,0.0,0.0],[0.0,1.0,0.0],[0.0,0.0,1.0]],"scale":[0.05000000074505806,0.05000000074505806,0.05000000074505806],"source":"resource/mesh/sphere.x"}],"position":[0.0,0.0,0.0]}