{"baseType":16,"ceil":{"baseType":1,"effect":"","position":[0.0,0.0,0.0],"rotate":[[0.0,0.0,0.0],[0.0,0.0,0.0],[0.0,0.0,0.0]],"scale":[1.0,0.0,0.0],"source":""},"position":[0.0,0.0,0.0],"terrain":{"heightScale":0.0,"mapSize":[0,0],"pathEffect":"","pathHeight":"","pathSplat":"","smoothLevel":0,"tileSize":[0,0]},"wall":{"floor1_room1_doorLoop":{"baseType":9,"effect":"resource/effect/example_16.fx","position":[-10.5,9.5,-25.0],"rotate":[[1.0,0.0,0.0],[0.0,1.0,0.0],[0.0,0.0,1.0]],"scale":[0.02539999969303608,0.02539999969303608,0.02539999969303608],"source":"resource/mesh/L4D1/map/wall/floor1_room1_doorLoop.x"},"floor1_room1_right":{"baseType":9,"effect":"resource/effect/example_16.fx","position":[-10.5,5.0,-16.5],"rotate":[[1.0,0.0,0.0],[0.0,1.0,0.0],[0.0,0.0,1.0]],"scale":[0.02539999969303608,0.02539999969303608,0.02539999969303608],"source":"resource/mesh/L4D1/map/wall/floor1_room1_right.x"},"floor1_room1_right2":{"baseType":9,"effect":"resource/effect/example_16.fx","position":[-10.5,5.0,-33.5],"rotate":[[1.0,0.0,0.0],[0.0,1.0,0.0],[0.0,0.0,1.0]],"scale":[0.02539999969303608,0.02539999969303608,0.02539999969303608],"source":"resource/mesh/L4D1/map/wall/floor1_room1_right2.x"},"floor1_room1_top":{"baseType":9,"effect":"resource/effect/example_16.fx","position":[-24.5,5.0,-10.5],"rotate":[[1.0,0.0,0.0],[0.0,1.0,0.0],[0.0,0.0,1.0]],"scale":[0.02539999969303608,0.02539999969303608,0.02539999969303608],"source":"resource/mesh/L4D1/map/wall/floor1_room1_top.x"},"floor1_room2_bottom":{"baseType":9,"effect":"resource/effect/example_16.fx","position":[33.5,5.0,-29.499998092651367],"rotate":[[1.0,0.0,0.0],[0.0,1.0,0.0],[0.0,0.0,1.0]],"scale":[0.02539999969303608,0.02539999969303608,0.02539999969303608],"source":"resource/mesh/L4D1/map/wall/floor1_room2_bottom.x"},"floor1_room2_bottom2":{"baseType":9,"effect":"resource/effect/example_16.fx","position":[11.0,5.0,-29.499998092651367],"rotate":[[1.0,0.0,0.0],[0.0,1.0,0.0],[0.0,0.0,1.0]],"scale":[0.02539999969303608,0.02539999969303608,0.02539999969303608],"source":"resource/mesh/L4D1/map/wall/floor1_room2_bottom2.x"},"floor1_room2_doorLoop":{"baseType":9,"effect":"resource/effect/example_16.fx","position":[25.0,9.5,-29.499998092651367],"rotate":[[1.0,0.0,0.0],[0.0,1.0,0.0],[0.0,0.0,1.0]],"scale":[0.02539999969303608,0.02539999969303608,0.02539999969303608],"source":"resource/mesh/L4D1/map/wall/floor1_room2_doorLoop.x"},"floor1_room2_left":{"baseType":9,"effect":"resource/effect/example_16.fx","position":[0.5,5.0,-15.0],"rotate":[[1.0,0.0,0.0],[0.0,1.0,0.0],[0.0,0.0,1.0]],"scale":[0.02539999969303608,0.02539999969303608,0.02539999969303608],"source":"resource/mesh/L4D1/map/wall/floor1_room2_left.x"},"floor1_room2_top":{"baseType":9,"effect":"resource/effect/example_16.fx","position":[19.5,5.0,-0.5],"rotate":[[1.0,0.0,0.0],[0.0,1.0,0.0],[0.0,0.0,1.0]],"scale":[0.02539999969303608,0.02539999969303608,0.02539999969303608],"source":"resource/mesh/L4D1/map/wall/floor1_room2_top.x"},"floor1_room3_bottom":{"baseType":9,"effect":"resource/effect/example_16.fx","position":[-24.5,5.0,0.5],"rotate":[[1.0,0.0,0.0],[0.0,1.0,0.0],[0.0,0.0,1.0]],"scale":[0.02539999969303608,0.02539999969303608,0.02539999969303608],"source":"resource/mesh/L4D1/map/wall/floor1_room3_bottom.x"},"floor1_room3_bottom2":{"baseType":9,"effect":"resource/effect/example_16.fx","position":[-10.5,5.0,5.5],"rotate":[[1.0,0.0,0.0],[0.0,1.0,0.0],[0.0,0.0,1.0]],"scale":[0.02539999969303608,0.02539999969303608,0.02539999969303608],"source":"resource/mesh/L4D1/map/wall/floor1_room3_bottom2.x"},"floor1_room3_bottom3":{"baseType":9,"effect":"resource/effect/example_16.fx","position":[5.5,5.0,10.5],"rotate":[[1.0,0.0,0.0],[0.0,1.0,0.0],[0.0,0.0,1.0]],"scale":[0.02539999969303608,0.02539999969303608,0.02539999969303608],"source":"resource/mesh/L4D1/map/wall/floor1_room3_bottom3.x"},"floor1_room3_bottom4":{"baseType":9,"effect":"resource/effect/example_16.fx","position":[33.5,5.0,10.5],"rotate":[[1.0,0.0,0.0],[0.0,1.0,0.0],[0.0,0.0,1.0]],"scale":[0.02539999969303608,0.02539999969303608,0.02539999969303608],"source":"resource/mesh/L4D1/map/wall/floor1_room3_bottom4.x"},"floor1_room3_doorLoop":{"baseType":9,"effect":"resource/effect/example_16.fx","position":[25.0,9.5,10.5],"rotate":[[1.0,0.0,0.0],[0.0,1.0,0.0],[0.0,0.0,1.0]],"scale":[0.02539999969303608,0.02539999969303608,0.02539999969303608],"source":"resource/mesh/L4D1/map/wall/floor1_room3_doorLoop.x"},"floorBottomWall":{"baseType":9,"effect":"resource/effect/example_16.fx","position":[-5.0,5.0,-39.5],"rotate":[[1.0,0.0,0.0],[0.0,1.0,0.0],[0.0,0.0,1.0]],"scale":[0.02539999969303608,0.02539999969303608,0.02539999969303608],"source":"resource/mesh/L4D1/map/wall/floorBottomWall.x"},"floorBottomWall2":{"baseType":9,"effect":"resource/effect/example_16.fx","position":[-0.5,15.479999542236328,-39.5],"rotate":[[1.0,0.0,0.0],[0.0,1.0,0.0],[0.0,0.0,1.0]],"scale":[0.02539999969303608,0.02539999969303608,0.02539999969303608],"source":"resource/mesh/L4D1/map/wall/floorBottomWall2.x"},"floorLeftWall":{"baseType":9,"effect":"resource/effect/example_16.fx","position":[-39.5,10.5,0.0],"rotate":[[1.0,0.0,0.0],[0.0,1.0,0.0],[0.0,0.0,1.0]],"scale":[0.02539999969303608,0.02539999969303608,0.02539999969303608],"source":"resource/mesh/L4D1/map/wall/floorLeftWall.x"},"floorRightWall":{"baseType":9,"effect":"resource/effect/example_16.fx","position":[39.5,10.5,-0.5],"rotate":[[1.0,0.0,0.0],[0.0,1.0,0.0],[0.0,0.0,1.0]],"scale":[0.02539999969303608,0.02539999969303608,0.02539999969303608],"source":"resource/mesh/L4D1/map/wall/floorRightWall.x"},"floorTopWall":{"baseType":9,"effect":"resource/effect/example_16.fx","position":[0.0,10.5,39.5],"rotate":[[1.0,0.0,0.0],[0.0,1.0,0.0],[0.0,0.0,1.0]],"scale":[0.02539999969303608,0.02539999969303608,0.02539999969303608],"source":"resource/mesh/L4D1/map/wall/floorTopWall.x"}}}