{"baseType":16,"ceil":{"baseType":1,"effect":"","position":[0.0,0.0,0.0],"rotate":[[0.0,0.0,0.0],[0.0,0.0,0.0],[0.0,0.0,0.0]],"scale":[1.0,0.0,0.0],"source":""},"position":[0.0,0.0,0.0],"terrain":{"heightScale":0.0,"mapSize":[0,0],"pathEffect":"","pathHeight":"","pathSplat":"","smoothLevel":0,"tileSize":[0,0]},"wall":{"floor1BottomWall":{"baseType":9,"effect":"resource/effect/example_16.fx","position":[-5.0,5.0,-59.5],"rotate":[[1.0,0.0,0.0],[0.0,1.0,0.0],[0.0,0.0,1.0]],"scale":[0.02539999969303608,0.02539999969303608,0.02539999969303608],"source":"resource/mesh/L4D1/map/wall/floor1BottomWall.x"},"floor1LeftWall":{"baseType":9,"effect":"resource/effect/example_16.fx","position":[-59.5,5.0,0.0],"rotate":[[1.0,0.0,0.0],[0.0,1.0,0.0],[0.0,0.0,1.0]],"scale":[0.02539999969303608,0.02539999969303608,0.02539999969303608],"source":"resource/mesh/L4D1/map/wall/floor1LeftWall.x"},"floor1RightWall":{"baseType":9,"effect":"resource/effect/example_16.fx","position":[59.5,5.0,-0.5],"rotate":[[1.0,0.0,0.0],[0.0,1.0,0.0],[0.0,0.0,1.0]],"scale":[0.02539999969303608,0.02539999969303608,0.02539999969303608],"source":"resource/mesh/L4D1/map/wall/floor1RightWall.x"},"floor1TopWall":{"baseType":9,"effect":"resource/effect/example_16.fx","position":[0.0,5.0,59.5],"rotate":[[1.0,0.0,0.0],[0.0,1.0,0.0],[0.0,0.0,1.0]],"scale":[0.02539999969303608,0.02539999969303608,0.02539999969303608],"source":"resource/mesh/L4D1/map/wall/floor1TopWall.x"},"floor1_room1_doorLoop":{"baseType":9,"effect":"resource/effect/example_16.fx","position":[-10.5,9.5,-26.0],"rotate":[[1.0,0.0,0.0],[0.0,1.0,0.0],[0.0,0.0,1.0]],"scale":[0.02539999969303608,0.02539999969303608,0.02539999969303608],"source":"resource/mesh/L4D1/map/wall/floor1_room1_doorLoop.x"},"floor1_room1_right":{"baseType":9,"effect":"resource/effect/example_16.fx","position":[-10.5,5.0,-16.5],"rotate":[[1.0,0.0,0.0],[0.0,1.0,0.0],[0.0,0.0,1.0]],"scale":[0.02539999969303608,0.02539999969303608,0.02539999969303608],"source":"resource/mesh/L4D1/map/wall/floor1_room1_right.x"},"floor1_room1_right2":{"baseType":9,"effect":"resource/effect/example_16.fx","position":[-10.5,5.0,-44.5],"rotate":[[1.0,0.0,0.0],[0.0,1.0,0.0],[0.0,0.0,1.0]],"scale":[0.02539999969303608,0.02539999969303608,0.02539999969303608],"source":"resource/mesh/L4D1/map/wall/floor1_room1_right2.x"},"floor1_room1_top":{"baseType":9,"effect":"resource/effect/example_16.fx","position":[-34.5,5.0,-10.5],"rotate":[[1.0,0.0,0.0],[0.0,1.0,0.0],[0.0,0.0,1.0]],"scale":[0.02539999969303608,0.02539999969303608,0.02539999969303608],"source":"resource/mesh/L4D1/map/wall/floor1_room1_top.x"},"floor1_room2_bottom":{"baseType":9,"effect":"resource/effect/example_16.fx","position":[54.0,5.0,-49.5],"rotate":[[1.0,0.0,0.0],[0.0,1.0,0.0],[0.0,0.0,1.0]],"scale":[0.02539999969303608,0.02539999969303608,0.02539999969303608],"source":"resource/mesh/L4D1/map/wall/floor1_room2_bottom.x"},"floor1_room2_bottom2":{"baseType":9,"effect":"resource/effect/example_16.fx","position":[25.5,5.0,-49.5],"rotate":[[1.0,0.0,0.0],[0.0,1.0,0.0],[0.0,0.0,1.0]],"scale":[0.02539999969303608,0.02539999969303608,0.02539999969303608],"source":"resource/mesh/L4D1/map/wall/floor1_room2_bottom2.x"},"floor1_room2_doorLoop":{"baseType":9,"effect":"resource/effect/example_16.fx","position":[45.0,9.5,-49.5],"rotate":[[1.0,0.0,0.0],[0.0,1.0,0.0],[0.0,0.0,1.0]],"scale":[0.02539999969303608,0.02539999969303608,0.02539999969303608],"source":"resource/mesh/L4D1/map/wall/floor1_room2_doorLoop.x"},"floor1_room2_left":{"baseType":9,"effect":"resource/effect/example_16.fx","position":[9.5,5.0,-25.0],"rotate":[[1.0,0.0,0.0],[0.0,1.0,0.0],[0.0,0.0,1.0]],"scale":[0.02539999969303608,0.02539999969303608,0.02539999969303608],"source":"resource/mesh/L4D1/map/wall/floor1_room2_left.x"},"floor1_room2_top":{"baseType":9,"effect":"resource/effect/example_16.fx","position":[34.5,5.0,-0.5],"rotate":[[1.0,0.0,0.0],[0.0,1.0,0.0],[0.0,0.0,1.0]],"scale":[0.02539999969303608,0.02539999969303608,0.02539999969303608],"source":"resource/mesh/L4D1/map/wall/floor1_room2_top.x"},"floor1_room3_bottom":{"baseType":9,"effect":"resource/effect/example_16.fx","position":[-34.5,5.0,0.5],"rotate":[[1.0,0.0,0.0],[0.0,1.0,0.0],[0.0,0.0,1.0]],"scale":[0.02539999969303608,0.02539999969303608,0.02539999969303608],"source":"resource/mesh/L4D1/map/wall/floor1_room3_bottom.x"},"floor1_room3_bottom2":{"baseType":9,"effect":"resource/effect/example_16.fx","position":[-10.5,5.0,5.5],"rotate":[[1.0,0.0,0.0],[0.0,1.0,0.0],[0.0,0.0,1.0]],"scale":[0.02539999969303608,0.02539999969303608,0.02539999969303608],"source":"resource/mesh/L4D1/map/wall/floor1_room3_bottom2.x"},"floor1_room3_bottom3":{"baseType":9,"effect":"resource/effect/example_16.fx","position":[14.5,5.0,10.5],"rotate":[[1.0,0.0,0.0],[0.0,1.0,0.0],[0.0,0.0,1.0]],"scale":[0.02539999969303608,0.02539999969303608,0.02539999969303608],"source":"resource/mesh/L4D1/map/wall/floor1_room3_bottom3.x"},"floor1_room3_bottom4":{"baseType":9,"effect":"resource/effect/example_16.fx","position":[53.5,5.0,10.5],"rotate":[[1.0,0.0,0.0],[0.0,1.0,0.0],[0.0,0.0,1.0]],"scale":[0.02539999969303608,0.02539999969303608,0.02539999969303608],"source":"resource/mesh/L4D1/map/wall/floor1_room3_bottom4.x"},"floor1_room3_doorLoop":{"baseType":9,"effect":"resource/effect/example_16.fx","position":[44.0,9.5,10.5],"rotate":[[1.0,0.0,0.0],[0.0,1.0,0.0],[0.0,0.0,1.0]],"scale":[0.02539999969303608,0.02539999969303608,0.02539999969303608],"source":"resource/mesh/L4D1/map/wall/floor1_room3_doorLoop.x"},"stairWall":{"baseType":9,"effect":"resource/effect/example_16.fx","position":[-54.5,7.5,49.0],"rotate":[[-1.0,0.0,8.742277657347586e-08],[0.0,1.0,-0.0],[-8.742277657347586e-08,0.0,-1.0]],"scale":[0.02539999969303608,0.02539999969303608,0.02539999969303608],"source":"resource/mesh/L4D1/map/wall/stairWall.x"},"stairs1":{"baseType":9,"effect":"resource/effect/example_16.fx","position":[-54.5,5.0,54.0],"rotate":[[-1.0,0.0,8.742277657347586e-08],[0.0,1.0,-0.0],[-8.742277657347586e-08,0.0,-1.0]],"scale":[0.02539999969303608,0.02539999969303608,0.02539999969303608],"source":"resource/mesh/L4D1/map/wall/stairs1.x"}}}