{"baseType":64,"connection":[[1,2,3],[0,2,3],[3,0,1],[2,0,1]],"node":[{"baseType":33,"effect":"resource/effect/field_node.fx","position":[5.281038284301758,0.0,-13.555392265319824],"radius":6.657988548278809,"rotate":[[1.0,0.0,0.0],[0.0,1.0,0.0],[0.0,0.0,1.0]],"scale":[0.05000000074505806,0.05000000074505806,0.05000000074505806],"source":"resource/mesh/sphere.x"},{"baseType":33,"effect":"resource/effect/field_node.fx","position":[-3.98392391204834,0.0,-9.511794090270996],"radius":9.751238822937012,"rotate":[[1.0,0.0,0.0],[0.0,1.0,0.0],[0.0,0.0,1.0]],"scale":[0.05000000074505806,0.05000000074505806,0.05000000074505806],"source":"resource/mesh/sphere.x"},{"baseType":33,"effect":"resource/effect/field_node.fx","position":[-6.864205837249756,0.0,-23.021686553955078],"radius":4.177248954772949,"rotate":[[1.0,0.0,0.0],[0.0,1.0,0.0],[0.0,0.0,1.0]],"scale":[0.05000000074505806,0.05000000074505806,0.05000000074505806],"source":"resource/mesh/sphere.x"},{"baseType":33,"effect":"resource/effect/field_node.fx","position":[0.14705967903137207,0.0,-21.432140350341797],"radius":3.797499179840088,"rotate":[[1.0,0.0,0.0],[0.0,1.0,0.0],[0.0,0.0,1.0]],"scale":[0.05000000074505806,0.05000000074505806,0.05000000074505806],"source":"resource/mesh/sphere.x"}],"position":[0.0,0.0,0.0]}